contrast,estimate,SE,df,t.ratio,p.value
CON - EXP,0.04674738144113269,0.015405609136956306,71,3.0344390166949666,0.0033659040552165196
