Treatment,response,SE,df,lower.CL,upper.CL
CON,9.00498900717952,2.023671846419303,78,6.221498238536389,16.295637440236952
EXP,11.191224520238812,2.546166825684248,78,7.702432679946814,20.45728545776367
