contrast,estimate,SE,df,t.ratio,p.value
CON - EXP,0.021693825824297002,0.03218844967149723,78,0.6739630533839229,0.5023272402842434
