Model,Type,AIC,BIC,R2_conditional,R2_marginal,RMSE,Sigma,BF,Performance_Score
glm_invertebrates_guild_chew_m1,glmmTMB,-100.10177725115938,-59.6073244617034,NA,0.4770933161269916,0.17427511735307874,5.293608666266015,1,0.8
glm_invertebrates_guild_chew_m2,glmmTMB,-99.66814461354846,-56.79166518941861,NA,0.4571115042276061,0.17380858704919608,5.300777960145841,0.24467373834343167,0.2
