contrast,estimate,SE,df,t.ratio,p.value
LowCon - MidFra,-0.12605696515858344,0.03255087414198295,75,-3.8726138231722542,0.0012821772227770145
MidFra - MonCon,0.12244614483424981,0.03271948013626252,75,3.742301048926036,0.0019745798889232447
LowSec - MidFra,-0.10750955781874154,0.03344240408277193,75,-3.21476762115095,0.010182692026349138
LowCon - LowSec,-0.018547407339841906,0.02461067527095149,75,-0.7536326059989834,0.8748345862779325
LowSec - MonCon,0.014936587015508275,0.02483325009483616,75,0.6014753187144922,0.9312861061823962
LowCon - MonCon,-0.0036108203243336314,0.02361896117196695,75,-0.15287803295173155,0.9987156274145397
