contrast,estimate,SE,df,t.ratio,p.value
LowCon - MidFra,-0.09325890994611548,0.03819399335993557,58,-2.4417166612366192,0.0804811761916645
MidFra - MonCon,0.09073042204355658,0.0377517110421434,58,2.4033459554262695,0.08770374265447023
LowSec - MidFra,-0.06735830803398898,0.038801703832110304,58,-1.7359626351832183,0.3147834388752977
LowCon - LowSec,-0.02590060191212649,0.028229538991033445,58,-0.9174999960273281,0.7956074018582389
LowSec - MonCon,0.023372114009567593,0.0276281998957023,58,0.84595138654702,0.8322549366838994
LowCon - MonCon,-0.0025284879025588977,0.026768009600601186,58,-0.09445931693412536,0.9996944627743644
