contrast,estimate,SE,df,t.ratio,p.value
MidFra - MonCon,0.11271448523250968,0.025636204259864005,71,4.396691650993563,2.1762321787510697e-4
LowSec - MidFra,-0.08842065725021227,0.026824518669941566,71,-3.2962625849198464,0.008159554718000006
LowCon - MonCon,0.047715108835430876,0.019842577542495687,71,2.4046829971177996,0.08538739101095771
LowCon - MidFra,-0.06499937639707881,0.028502850108883912,71,-2.280451819687305,0.11234200997252186
LowSec - MonCon,0.02429382798229742,0.017371134724137576,71,1.3985170438256178,0.5044665235249521
LowCon - LowSec,0.023421280853133455,0.02137862330345976,71,1.0955467300526842,0.6933980909288616
