Model,Type,AIC,BIC,R2_conditional,R2_marginal,RMSE,Sigma,BF,Performance_Score
glm_invertebrates_guild_chew_m2,glmmTMB,438.10141958540794,445.1715460654767,NA,6.832582251519149e-5,4.408519492854855,0.49618686744854135,0.2416280688316301,0.6
glm_invertebrates_guild_chew_m1,glmmTMB,437.61741713063583,442.330834784015,NA,0,4.447826713670389,0.5006641418339177,1,0.4
