Treatment,response,SE,df,lower.CL,upper.CL
CON,0.06360255901361517,0.004244481492935402,72,0.05564789122152818,0.07260689249413692
EXP,0.07861059284275329,0.004726187610381532,72,0.06969060883474396,0.08856359379361076
