Hab,response,SE,df,lower.CL,upper.CL
Fragment,0.06229022050965474,0.005881116129603096,71,0.05154401266826257,0.07509946352735243
Primary,0.07182457890278185,0.006540064201855264,71,0.059827143473604516,0.08600782556803137
Primary-High elev.,0.060774958659934306,0.005840952564868136,71,0.05012021130268056,0.07351942313478546
Secondary,0.09185471178762399,0.0071002145640751526,71,0.07864407562490215,0.10702669317811399
