contrast,odds.ratio,SE,df,t.ratio,p.value
LowSec / MidFra,1.5631147803475347,0.2051360817461797,71,3.403657034544086,0.005910033812879911
LowSec / MonCon,1.522631396678946,0.19910529315657288,71,3.215259448399622,0.010353571268290174
LowCon / LowSec,0.7650605240203634,0.09730899605711273,71,-2.105493536797537,0.16129433118941183
LowCon / MidFra,1.1958774129566603,0.16595031929232132,71,1.2890528635859722,0.5728763679127282
LowCon / MonCon,1.1649051742330523,0.1620651559552234,71,1.097156026696155,0.6924217835995446
MidFra / MonCon,0.9741008247266475,0.13792298035571815,71,-0.18532704335419328,0.9977204649093775
