contrast,odds.ratio,SE,df,t.ratio,p.value
CON / EXP,0.7900209300897895,0.07478316481402149,71,-2.4899273421668977,0.015119996248330051
