contrast,odds.ratio,SE,df,t.ratio,p.value
CON / EXP,0.7961162981806265,0.07424024375849114,72,-2.4450684481950957,0.016929975703305917
