Spec,response,SE,df,lower.CL,upper.CL
BER,0.05348467365214686,0.005484084681494512,71,0.043546821657866525,0.06553505457723212
HAH,0.06618663067574829,0.005799314562499467,71,0.055519968620173825,0.0787317732949315
LIT,0.08769371002122184,0.008326065333940999,71,0.07245082553221777,0.10577781564292965
SYZ,0.08036575621750124,0.006092772330778163,71,0.06902490979187108,0.09338301013246356
