contrast,odds.ratio,SE,df,t.ratio,p.value
CON / EXP,0.7951558371825641,0.07508219818536085,71,-2.4275176898326305,0.017740681992060973
