Hab,response,SE,df,lower.CL,upper.CL
Fragment,0.060693040689318835,0.005802416984102876,72,0.05010607643559474,0.07334421522470881
Primary,0.07192485303640683,0.006370420338185897,72,0.060214623676871956,0.08570474245130351
Primary-High elev.,0.0622238135055403,0.005843350588851422,72,0.05154406293404794,0.07494152796765068
Secondary,0.09179206260964526,0.007055540076690352,72,0.07866246364563599,0.10685895889833344
