contrast,odds.ratio,SE,df,t.ratio,p.value
ARF / BER,1.630385780405343,0.21462002938643152,71,3.7133520905902286,0.0022380055990145475
BER / CON,0.6496458625762804,0.10388681561425459,71,-2.697266042717873,0.0423850931709604
ARF / BAD,1.2974002485620377,0.154893302499611,71,2.1808193529495954,0.13853584229858507
BAD / BER,1.2566559796888945,0.17725614830544323,71,1.6196241990926101,0.37431136775377494
BAD / CON,0.8163813578866327,0.12399045594089586,71,-1.3357664621871115,0.5435306847617736
ARF / CON,1.0591733766435312,0.1504918130673557,71,0.40461054971362914,0.9774372053443189
