contrast,odds.ratio,SE,df,t.ratio,p.value
(Primary-High elev.) / Secondary,0.639747952,0.083957394,71,-3.403669959,0.005909802
Fragment / Secondary,0.656757919,0.085880018,71,-3.215266726,0.010353352
Primary / Secondary,0.765062508,0.0973089,71,-2.105480679,0.161298442
Primary / (Primary-High elev.),1.195881137,0.165950272,71,1.289079688,0.572859484
Fragment / Primary,0.858436941,0.119427932,71,-1.097176984,0.692409065
Fragment / (Primary-High elev.),1.026588545,0.145354327,71,0.185332828,0.997720253
