Treatment,response,SE,df,lower.CL,upper.CL
CON,0.06359376401917377,0.004312832629896355,71,0.055517243908335435,0.07275472939198667
EXP,0.07868729352239245,0.004757501269702304,71,0.06970888825731926,0.08871183061694632
