contrast,odds.ratio,SE,df,t.ratio,p.value
CON / EXP,0.7951566343012766,0.07508203645943805,71,-2.427514735553617,0.017740815120712745
