contrast,odds.ratio,SE,df,t.ratio,p.value
Fragment / Secondary,0.6393100333496112,0.08345344762271342,72,-3.4271252442125477,0.0054696676271001055
(Primary-High elev.) / Secondary,0.656504320108612,0.085388836706733,72,-3.2354825382866035,0.009713296917412295
Primary / Secondary,0.7667892307503447,0.09574965897609256,72,-2.126542844722821,0.15453158904785214
Fragment / Primary,0.8337493638558432,0.11364945546723713,72,-1.333876585830175,0.5446672159985224
Primary / (Primary-High elev.),1.1679880958338356,0.1599357819932896,72,1.1340072495850726,0.6698678679904868
Fragment / (Primary-High elev.),0.9738093318926581,0.13716679770943851,72,-0.1884177432161085,0.9976059088163949
