contrast,odds.ratio,SE,df,t.ratio,p.value
BER / LIT,0.5878645070642536,0.08720057790783066,71,-3.5814921518453957,0.0034083202455769124
BER / SYZ,0.646615138905659,0.08709569300221116,71,-3.236977373614965,0.009717463047593355
HAH / LIT,0.7373663635156256,0.10267209740277772,71,-2.1880697617510685,0.13648268415690423
HAH / SYZ,0.8110580717826931,0.09969023893086651,71,-1.7037598928771405,0.32938932136158205
BER / HAH,0.7972488794598998,0.11222992728638692,71,-1.6096181767642312,0.3798493368783705
LIT / SYZ,1.0999390695226714,0.1453289533979499,71,0.7209469224850181,0.8884340115479206
