contrast,odds.ratio,SE,df,t.ratio,p.value
LowSec / MidFra,1.5546346996501437,0.20523727896773353,71,3.3423165045700034,0.007112203006011675
LowSec / MonCon,1.5019107967309535,0.19790472780636456,71,3.086760198197934,0.014964878001235471
LowCon / LowSec,0.7603759211414822,0.09674310275408049,71,-2.1531163392335975,0.14660055593520982
LowCon / MidFra,1.1821067917849895,0.1644813283027001,71,1.2023517521468137,0.6273996002961979
LowCon / MonCon,1.1420168055366362,0.1589969968087844,71,0.9538234632791575,0.7758659157298398
MidFra / MonCon,0.9660859860319242,0.13690165786287306,71,-0.2434763807111001,0.9948809767338781
