contrast,estimate,SE,df,t.ratio,p.value
CON - EXP,0.016431535198737447,0.013348748995697246,75,1.2309419559865789,0.22219090379251027
