Treatment,response,SE,df,lower.CL,upper.CL
CON,22.807145286929167,3.1754926196628643,74,17.281686330849496,30.099254562359953
EXP,28.301519884577093,3.2548990214238507,74,22.505443659829183,35.590323829376665
