contrast,ratio,SE,df,t.ratio,p.value
CON / EXP,0.5258085678294051,0.10768220037106398,76,-3.138859055953051,0.0024148478922756188
