contrast,ratio,SE,df,t.ratio,p.value
CON / EXP,0.6600724649116579,0.1093008354475387,74,-2.5086526858852722,0.014309111807724439
