Hab,response,SE,df,lower.CL,upper.CL
Fragment,79.45363686746785,11.720901999378752,74,59.21862604536631,106.6029530410122
Primary,60.97906495951526,11.046833034166509,74,42.5026241648106,87.48745369033979
Primary-High elev.,97.53166978706703,11.500458134768861,74,77.10947355816256,123.36261904678159
Secondary,45.338726829305344,11.431041529723695,74,27.43421274994984,74.92834473648712
