Hab,response,SE,df,asymp.LCL,asymp.UCL
Fragment,97.62549190314287,11.973313368134841,Inf,76.76571821007121,124.15355306452716
Primary,61.51990083244914,11.702083614966282,Inf,42.37437231177481,89.31573476977965
Primary-High elev.,79.5736847241118,11.823861688426671,Inf,59.468823583134174,106.47547604032545
Secondary,45.57121712664144,11.620648177862236,Inf,27.64613740144816,75.11848039555477
