Treatment,response,SE,df,lower.CL,upper.CL
CON,0.20590552731276954,0.01641358272354462,62,0.17502140767235422,0.24064970607927835
EXP,0.29098887736584583,0.020082571206651006,62,0.2525297575562048,0.332698134829986
