Hab,response,SE,df,lower.CL,upper.CL
Fragment,18.258235165699908,3.634693943696648,73,12.278715638872008,27.149676006066816
Primary,14.609121760904257,2.893963138010403,73,9.843856479863632,21.681181461910437
Primary-High elev.,23.477484143194005,4.575138028818564,73,15.921328736679593,34.61974002358785
Secondary,12.938536961425488,2.710084810377315,73,8.52293101894087,19.641803779725617
