Treatment,response,SE,df,lower.CL,upper.CL
CON,14.393408351320552,2.13454680051493,76,10.712429465324783,19.3392362244677
EXP,27.373856631393636,3.866155479229383,76,20.661951070271108,36.26608272992399
