contrast,ratio,SE,df,t.ratio,p.value
CON / EXP,0.798557174213549,0.1292769279391525,74,-1.3895318411198079,0.16883781061745265
