Hab,response,SE,df,lower.CL,upper.CL
Fragment,97.62545050384801,11.492750148648026,74,77.21318592131898,123.43395072172244
Primary,61.51975725661336,11.243727206583628,74,42.74229478150787,88.54649831646488
Primary-High elev.,79.57420397022936,11.713108858599357,74,59.346486808012564,106.6963569044959
Secondary,45.57130341174636,11.246946079271764,74,27.86916077533057,74.51762582258138
