Model,Type,AIC,BIC,R2_conditional,R2_marginal,RMSE,Sigma,BF,Statistic,Performance_Score
glm_invertebrates_guild_pre_m2,glmmTMB,716.8258965213365,731.1180563293798,NA,0.11349378572095631,19.810722272751068,19.81073213682771,0.27736637900669386,1.8171946769633678,0.6
glm_invertebrates_guild_pre_m1,glmmTMB,716.6430911982999,728.5532243716693,NA,0.1025044124036066,20.037004455690276,20.03700426040185,1,NA,0.4
