contrast,ratio,SE,df,t.ratio,p.value
CON / EXP,0.5728450037282049,0.11532832209399234,73,-2.7673594480961095,0.007156227429152572
