Hab,response,SE,df,lower.CL,upper.CL
Fragment,79.5741956131715,11.713115362652278,74,59.34646908199977,106.69636636232231
Primary,61.519798115620375,11.243730590076177,74,42.74232882322121,88.54654541262451
Primary-High elev.,97.62545278405707,11.492755402804145,74,77.2131798676267,123.43396616525206
Secondary,45.571266663020445,11.246957717346307,74,27.869113068546103,74.517633200749
