Model,Type,AIC,BIC,R2_conditional,R2_marginal,RMSE,Sigma,BF,Statistic,Performance_Score
glm_invertebrates_guild_pre_m2,glmmTMB,716.8258965212627,731.118056329306,NA,0.11349421678994125,19.810722272746393,19.810724301247507,0.2773663790203003,1.8171946770614795,0.6
glm_invertebrates_guild_pre_m1,glmmTMB,716.6430911983242,728.5532243716937,NA,0.10250455046816857,20.037004455692074,20.037008912167675,1,NA,0.4
