contrast,ratio,SE,df,t.ratio,p.value
(Primary-High elev.) / Secondary,2.5835534033313543,0.8033061240104445,74,3.0526598804604603,0.016284069767075415
Fragment / (Primary-High elev.),0.6714891125592467,0.13632268780130596,74,-1.9617098514905171,0.21190292545691192
Primary / (Primary-High elev.),0.6911347028952477,0.13654763565496725,74,-1.8698189139390762,0.2498881632126737
Primary / Secondary,1.7855834138254216,0.5939846404973449,74,1.7427780964050603,0.3092924591102242
Fragment / Secondary,1.7348279820523926,0.58146994629008,74,1.6436465474449493,0.3608968448351033
Fragment / Primary,0.9715748749792144,0.22900547788041548,74,-0.12234313434627106,0.9993395017027085
