Treatment,response,SE,df,asymp.LCL,asymp.UCL
CON,55.501376062033216,8.304891466363033,Inf,41.39377943382155,74.41704495005193
EXP,84.08445788748351,8.829997769039288,Inf,68.44285707811842,103.3007147869689
