contrast,ratio,SE,df,t.ratio,p.value
CON / EXP,0.8058629140747281,0.13004336207942627,74,-1.3375443725270055,0.1851415224287634
