contrast,odds.ratio,SE,df,t.ratio,p.value
CON / EXP,0.6262095992087194,0.08192242423298997,62,-3.577897237323821,6.791370167019724e-4
