contrast,odds.ratio,SE,df,t.ratio,p.value
CON / EXP,0.631789626805971,0.08531473899257558,62,-3.400550101150851,0.001181428849106209
