contrast,ratio,SE,df,t.ratio,p.value
(Primary-High elev.) / Secondary,2.6430312578079094,0.8526481833692225,74,3.012769005983675,0.018204751567095334
Fragment / (Primary-High elev.),0.670492128216439,0.13618897031884986,74,-1.968035637482205,0.20944376617125715
Primary / (Primary-High elev.),0.6850076155296565,0.13450674308262753,74,-1.9267117886746772,0.22587088663801103
Primary / Secondary,1.810496539681345,0.6211732608048914,74,1.7301337257597451,0.3156284709128597
Fragment / Secondary,1.7721316529901967,0.6131269809867289,74,1.6537909686474452,0.35541877632876995
Fragment / Primary,0.9788097431559297,0.23033205906853801,74,-0.09101703247321011,0.9997273331819262
