contrast,ratio,SE,df,t.ratio,p.value
(Primary-High elev.) / Secondary,2.142258926133315,0.5787257414941276,74,2.8201669274859844,0.030654920042380907
Primary / (Primary-High elev.),0.6301614626228598,0.13509634285426386,74,-2.153984715968187,0.14594196532285064
Fragment / Secondary,1.7461484272883572,0.4930900472050081,74,1.9739293104134215,0.2071706055292224
Fragment / (Primary-High elev.),0.8150968148561202,0.1480243983430982,74,-1.1257956558440299,0.6748813679664947
Fragment / Primary,1.2934729639980236,0.2978023584899251,74,1.1176891326402802,0.6798535196990793
Primary / Secondary,1.3499690182090465,0.41138428484756984,74,0.9847262900304227,0.7585591555549973
