contrast,ratio,SE,df,t.ratio,p.value
(Primary-High elev.) / Secondary,2.151177957737138,0.5907707528224636,74,2.7892982546391116,0.03323435547322906
Primary / (Primary-High elev.),0.6252232233144978,0.13349313993645925,74,-2.1996180553819094,0.1328620259670602
Fragment / Secondary,1.7524452586990562,0.5021468108117065,74,1.9578796068501594,0.21340167668709997
Fragment / Primary,1.3029658116308942,0.29939126774943825,74,1.1517398671637054,0.6588735385433327
Fragment / (Primary-High elev.),0.8146444846164583,0.1480268799395815,74,-1.1282069256919616,0.673399527194343
Primary / Secondary,1.3449664166595119,0.4145563115492156,74,0.9615253697271722,0.7715873344433068
