Treatment,response,SE,df,lower.CL,upper.CL
CON,55.50165869555724,8.044548497483254,74,41.57955978296299,74.08529897953171
EXP,84.08426769492482,8.587006408551373,74,68.60279892618797,103.05941134265967
