Treatment,response,SE,df,lower.CL,upper.CL
CON,13.376042487909446,1.977334411558597,76,9.964642851017587,17.95533621358919
EXP,22.552724293484847,3.2069326285012227,76,16.990353543913912,29.93612650515654
