Treatment,response,SE,df,lower.CL,upper.CL
CON,22.498937717630444,3.1796603282853426,74,16.977213577767525,29.81656536881352
EXP,28.17448574022054,3.288291416186447,74,22.328496196883442,35.55105725555702
