Treatment,response,SE,df,lower.CL,upper.CL
CON,0.20164275080608557,0.015716910241096206,62,0.1720425417621985,0.23489091181140653
EXP,0.28741163566773914,0.01960064399672322,62,0.2498716774412755,0.32812445749806096
