contrast,ratio,SE,df,t.ratio,p.value
Fragment / Secondary,2.142257148578381,0.5787242790886794,74,2.820168642333304,0.030654781802753717
Fragment / Primary,1.5868958990951365,0.3402046172973577,74,2.1539876370090463,0.14594109763729568
(Primary-High elev.) / Secondary,1.7461472025774551,0.49308887788043604,74,1.9739301232170974,0.20717029323249503
Fragment / (Primary-High elev.),1.2268479687257954,0.22279964954653597,74,1.1257958647492652,0.6748812396404062
Primary / (Primary-High elev.),0.773111814974981,0.1779971394972838,74,-1.1176926398570761,0.6798513718521226
Primary / Secondary,1.3499670329981424,0.41138321499171987,74,0.9847225771428864,0.7585612601669243
