contrast,ratio,SE,df,z.ratio,p.value
CON / EXP,0.6600670023502044,0.11221970333392273,Inf,-2.4434303391356207,0.01454837791738325
