contrast,ratio,SE,df,t.ratio,p.value
CON / EXP,0.6600718566870175,0.10930071971587692,74,-2.508658595223758,0.014308891658861825
