Treatment,response,SE,df,lower.CL,upper.CL
CON,22.807130630373607,3.175492831197088,74,17.281671824718796,30.099241142104606
EXP,28.30150488408433,3.254899768671393,74,22.505427813903225,35.590311160804916
