Treatment,response,SE,df,lower.CL,upper.CL
CON,55.50168115982456,8.044551493250008,74,41.57957700076645,74.0853282733021
EXP,84.08422424839783,8.587012941551192,74,68.60274564539147,103.05938488235721
