contrast,ratio,SE,df,t.ratio,p.value
CON / EXP,0.593100962608477,0.12165470391120091,76,-2.546801560288525,0.012893332741570757
