contrast,odds.ratio,SE,df,t.ratio,p.value
CON / EXP,0.5651299980473412,0.08999266582926795,62,-3.5838409528164843,6.664735301500313e-4
