contrast,estimate,SE,df,z.ratio,p.value
CON - EXP,0.005575775578745029,0.002402802504839885,Inf,2.3205301174415833,0.020312217627625636
