Model,Type,AIC,BIC,R2_conditional,R2_marginal,RMSE,Sigma,BF,Performance_Score
glm_invertebrates_guild_pre_m1,glmmTMB,-42.448444986465574,-6.718045466357353,NA,0.9436533283311141,0.1773210018347012,5.294756984826751,1,0.6
glm_invertebrates_guild_pre_m2,glmmTMB,-39.00581966232626,-10.421500046239686,NA,0.9429083145571434,0.17965444551954995,4.791094615294702,6.370814267713579,0.4
