contrast,ratio,SE,df,t.ratio,p.value
CON / EXP,0.6610031645056249,0.10961533337846334,74,-2.4964855593430775,0.014768908528176316
