contrast,ratio,SE,df,t.ratio,p.value
CON / EXP,0.8058628233299161,0.13004332956703096,74,-1.3375452541183204,0.1851412362137283
