contrast,ratio,SE,df,t.ratio,p.value
CON / EXP,0.656414991109216,0.10903934756832079,74,-2.534184468702058,0.013385906100293091
