contrast,ratio,SE,df,t.ratio,p.value
CON / EXP,0.6007895480560531,0.12350228556911344,73,-2.478566505149729,0.01550240435054317
