contrast,ratio,SE,df,t.ratio,p.value
LowSec / MonCon,0.4668096822151575,0.12618108759012894,74,-2.818420135939739,0.030796021181345612
LowCon / MonCon,0.6301324085723443,0.13517659961065898,74,-2.1528215338595005,0.1462877978140954
LowSec / MidFra,0.5751707232343476,0.1626969059149892,74,-1.95529372429259,0.21441767207588447
MidFra / MonCon,0.8116019528778423,0.14788024665475527,74,-1.1456436435514772,0.6626470618851779
LowCon / MidFra,0.7764057323149248,0.1791779716345109,74,-1.096634790006254,0.6926922514029216
LowCon / LowSec,1.3498700489290831,0.41160348518427176,74,0.983889278530549,0.7590334513033845
