contrast,ratio,SE,df,t.ratio,p.value
LowSec / MonCon,0.387234402490372,0.12037690075626772,74,-3.0519060255350596,0.0163185974079203
LowCon / MonCon,0.6907308795539683,0.13654305799749364,74,-1.8717456621956177,0.24904828604905693
MidFra / MonCon,0.6953812929310872,0.1379302493183233,74,-1.8315671935473896,0.2669444299702127
LowSec / MidFra,0.55686629253161,0.1850454491534257,74,-1.7617633958861476,0.2999196070985337
LowCon / LowSec,1.783753910065215,0.5933516300564846,74,1.739768050763697,0.31079402735446393
LowCon / MidFra,0.9933124266867793,0.23022000744226304,74,-0.028951269495377248,0.9999911990740711
