contrast,ratio,SE,df,t.ratio,p.value
CON / EXP,0.45259313073070967,0.09558791998961141,76,-3.7535967964142762,3.389644599335016e-4
