Model,Type,AIC,BIC,R2_conditional,R2_marginal,RMSE,Sigma,BF,Performance_Score
glm_invertebrates_guild_chew_m1,glmmTMB,-101.24791826642601,-60.753465476970035,NA,0.4832149467459924,0.17280466065813446,5.3793074562952805,1,0.8
glm_invertebrates_guild_chew_m2,glmmTMB,-100.83522210302664,-57.95874267889678,NA,0.46351561941451264,0.17229252683016558,5.387787761106442,0.24724849411429084,0.2
