contrast,ratio,SE,df,t.ratio,p.value
LowSec / MidFra,0.4134547101451084,0.11935291164009136,73,-3.059550140967227,0.016030719494992907
LowCon / MidFra,0.47012795250709294,0.1355318238441418,73,-2.618051182790267,0.05139366094661757
LowSec / MonCon,0.5643397950280264,0.16426212076753982,73,-1.9655053860736886,0.21054987986785634
LowCon / MonCon,0.6416952228254533,0.18625471097441157,73,-1.528459786542772,0.4259917203184621
MidFra / MonCon,1.3649373950292223,0.38430167858578695,73,1.1049749074817294,0.687635779291164
LowCon / LowSec,1.1370724313240843,0.3362504686168447,73,0.4343929069130088,0.9723515645951506
