contrast,ratio,SE,df,t.ratio,p.value
CON / EXP,0.6475726847651767,0.29367094132355065,76,-0.9581677561969342,0.34101642617233996
