contrast,ratio,SE,df,t.ratio,p.value
CON / EXP,0.8141119545709743,0.13019218113242434,74,-1.2860076167458379,0.20244983750596016
