contrast,estimate,SE,df,z.ratio,p.value
LowSec - MonCon,0.011034256287048683,0.003954233847447305,Inf,2.790491587686944,0.02701983128107477
LowSec - MidFra,0.009323463453732762,0.004088560704127208,Inf,2.2803778954097877,0.10258715202794688
LowCon - MonCon,0.005937546142176506,0.0031711228611993217,Inf,1.8723797222826366,0.23996894129973678
LowCon - MidFra,0.0042267533088605844,0.0033389690822183443,Inf,1.2658857284334044,0.5847449467902295
LowCon - LowSec,-0.005096710144872178,0.004489558801994976,Inf,-1.1352363048697365,0.6676793960480626
MidFra - MonCon,0.0017107928333159215,0.002559226438915288,Inf,0.6684804467872839,0.9089867477735989
