Model,Type,AIC,BIC,R2_conditional,R2_marginal,RMSE,Sigma,BF,Statistic,Performance_Score
glm_invertebrates_guild_chew_m1,glmmTMB,-118.1461916957889,-77.65173890633292,NA,0.4449295725708231,0.15012308755934442,6.421634913989157,1,NA,0.6
glm_invertebrates_guild_chew_m2,glmmTMB,-118.36269369488292,-75.48621427075307,NA,0.42454540669307056,0.14951984864531026,6.468188095787047,0.3386587493156945,2.216501999094021,0.4
