Model,Type,AIC,BIC,RMSE,Sigma,BF,Performance_Score
glm_invertebrates_guild_suc_m1,glmmTMB,-344.5351789632981,-337.3890990592765,9.07473349284173,4.682843874744175,1,0.5
glm_invertebrates_guild_suc_m2,glmmTMB,-343.44064026496613,-333.9125337262706,8.960778267575474,4.629246467419438,0.1758220866540196,0.5
