Model,Type,AIC,BIC,R2_conditional,R2_marginal,RMSE,Sigma,BF,Performance_Score
glm_invertebrates_guild_pre_m1,glmmTMB,-35.29905048947553,-13.860810777410606,NA,0.9508684293811309,0.19148774995627102,4.414044489262064,1,0.6
glm_invertebrates_guild_pre_m2,glmmTMB,-39.25768805232592,-3.527288532217696,NA,0.9421974435016937,0.18031600967986292,5.103210493273235,0.005703010289426214,0.4
