Model,Type,AIC,BIC,R2_conditional,R2_marginal,RMSE,Sigma,BF,Statistic,Performance_Score
glm_invertebrates_guild_chew_m1,glmmTMB,-121.21990451239873,-80.72545172294275,NA,0.4527489460413398,0.15028417330751442,6.632364432668162,1,NA,0.6
glm_invertebrates_guild_chew_m2,glmmTMB,-121.3379251586459,-78.46144573451605,NA,0.43091763871841504,0.14976530031491045,6.668246923975211,0.3223868702489091,2.1180206462471745,0.4
