Model,Type,AIC,BIC,R2_conditional,R2_marginal,RMSE,Sigma,BF,Performance_Score
glm_invertebrates_guild_pre_m2,glmmTMB,716.8094156153954,731.1015754234387,NA,0.11314857039206201,19.80868176127805,19.808693266532085,0.25861359824479735,0.6
glm_invertebrates_guild_pre_m1,glmmTMB,716.4866017901887,728.3967349635582,NA,0.10347242671961869,20.01741666770787,20.017419458154272,1,0.4
