Model,Type,AIC,BIC,R2_conditional,R2_marginal,RMSE,Sigma,BF,Statistic,Performance_Score
glm_invertebrates_guild_pre_m1,glmmTMB,-38.35696580314597,-2.6265662830377465,NA,0.9396548083392828,0.1801845655499368,5.04193412128072,1,NA,0.5
glm_invertebrates_guild_pre_m2,glmmTMB,-36.72006499923985,-8.135745383153278,NA,0.938353471827346,0.1820261280411217,4.645073778377636,15.714589526547256,NA,0.5
glm_invertebrates_guild_pre_m1,glmmTMB,-36.72006499923985,-8.135745383153278,NA,NA,NA,NA,1,NA,0.5
glm_invertebrates_guild_pre_m2,glmmTMB,-38.35696580314597,-2.6265662830377465,NA,NA,NA,NA,1,7.636900803906116,0.5
