Model,Type,AIC,BIC,RMSE,Sigma,BF,Statistic,Performance_Score
glm_invertebrates_guild_suc_m1,glmmTMB,-344.7978659089307,-337.65178600490907,9.075715944856809,4.683847004329852,1,NA,0.5
glm_invertebrates_guild_suc_m2,glmmTMB,-343.71947362660916,-334.19136708791365,8.960107914080618,4.6292863949928655,0.17724728013241361,0.9216077176784552,0.5
