Model,Type,AIC,BIC,R2_Nagelkerke,RMSE,Sigma,BF,Performance_Score
glm_leaf_m1,glm,29.661207455205115,41.57134062857452,0.24178119526296768,0.5650493365856512,0.579728387196956,1,0.6
glm_leaf_m2,glm,31.273742714962417,45.565902523005704,0.24584426254324304,0.5637508258184597,0.582239349281486,0.13570376775272572,0.4
