contrast,estimate,SE,df,t.ratio,p.value
LowSec - MonCon,-1.456256870511387,0.35824779390671846,75,-4.064943023460938,6.662451875074638e-4
LowCon - LowSec,0.7968680640970522,0.2860757668444588,75,2.7855140366723705,0.0334793236439167
MidFra - MonCon,-0.951771285902357,0.38795604573440345,75,-2.4532966978273207,0.07592604413019322
LowSec - MidFra,-0.5044855846090299,0.25583136753196417,75,-1.97194577614099,0.2078117520015984
LowCon - MonCon,-0.6593888064143347,0.4085334125677699,75,-1.614038867151292,0.3770419112013711
LowCon - MidFra,0.2923824794880224,0.32250233481093626,75,0.9066057759223004,0.8013644627233643
