contrast,estimate,SE,df,z.ratio,p.value
LowSec - MonCon,-1.4562566892680378,0.36585188032267746,Inf,-3.980454297470427,4.0001349161011834e-4
LowCon - LowSec,0.7968679939980828,0.29214144248280605,Inf,2.7276787135224145,0.03235285241230346
MidFra - MonCon,-0.9517711190338569,0.39619269341317515,Inf,-2.4022934669350122,0.07661867813485268
LowSec - MidFra,-0.5044855702341808,0.26125883905972985,Inf,-1.930979912679026,0.21500362447296473
LowCon - MonCon,-0.6593886952699549,0.41720389708520594,Inf,-1.5804950526032295,0.3897731853137185
LowCon - MidFra,0.292382423763902,0.32934430979490453,Inf,0.8877712930458093,0.8112329658161199
