contrast,estimate,SE,df,t.ratio,p.value
Fragment - Secondary,1.456256696837994,0.3582477968629273,75,4.064942505131962,6.662463808284613e-4
Primary - Secondary,0.7968679360749568,0.28607577415114777,75,2.7855135180161485,0.03347936888158576
Fragment - (Primary-High elev.),0.951771046730895,0.38795605594310983,75,2.453296016779961,0.07592616406845654
(Primary-High elev.) - Secondary,0.504485650107099,0.25583139430198687,75,1.9719458258183797,0.20781173286257826
Fragment - Primary,0.6593887607630372,0.40853341061484755,75,1.614038763122579,0.377041968862725
Primary - (Primary-High elev.),0.29238228596785776,0.32250235028908725,75,0.9066051323525852,0.8013648023051834
