Hab,response,SE,df,asymp.LCL,asymp.UCL
Fragment,0.37743954460000567,0.04752295347743282,Inf,0.30273227838272554,0.5010991215542333
Primary,0.5025019004708919,0.06326781182087708,Inf,0.4030428299688113,0.667129850378868
Primary-High elev.,0.5890461676734782,0.07416562709927497,Inf,0.4724558124000443,0.7820323105714991
Secondary,0.8381005675263865,0.105519959435545,Inf,0.6722192375256152,1.112670641679598
