Model,Type,AIC,BIC,R2_conditional,R2_marginal,RMSE,Sigma,BF,Performance_Score
glm_leaf_m1,glmmTMB,29.557160924808507,41.467294098177916,NA,0.21922633149077816,0.35035645780522134,0.5513740570055613,1,0.6
glm_leaf_m2,glmmTMB,31.17060357357291,45.4627633816162,NA,0.22130489616387877,0.35092385111769586,0.5501636892111098,0.13564221366361734,0.4
