Hab,response,SE,df,lower.CL,upper.CL
Fragment,0.3774395359457702,0.04653489104600738,75,0.3030162506859406,0.5003229772610694
Primary,0.502501901626119,0.061953949517556874,75,0.4034189038087403,0.6661020350374641
Primary-High elev.,0.5890461215445619,0.0726240673634372,75,0.47289839519114096,0.7808225461203019
Secondary,0.8381005300310074,0.10333020846251899,75,0.6728444429951416,1.1109618210940386
