contrast,estimate,SE,df,t.ratio,p.value
(Primary-High elev.) - Secondary,1.456256747513283,0.3561887854347988,76,4.088440756874571,6.080019981892226e-4
Primary - Secondary,0.7873401635714496,0.27843522554519756,76,2.8277318792181454,0.029892920188367755
Fragment - (Primary-High elev.),-0.9517710982983371,0.38572629734066577,76,-2.467477858938282,0.0733524189986553
Fragment - Secondary,0.5044856492149461,0.2543610072078264,76,1.9833450683058298,0.20333310346615574
Primary - (Primary-High elev.),-0.6689165839418335,0.4020092403126778,76,-1.6639333549188036,0.34980309784651376
Fragment - Primary,-0.28285451435650355,0.3153418786254677,76,-0.8969773237523283,0.8064188501413316
