Model,Type,AIC,BIC,R2_conditional,R2_marginal,RMSE,Sigma,BF,Statistic,Performance_Score
glm_leaf_m1,glmmTMB,29.55716091926852,41.46729409263793,NA,0.21922628239751685,0.3503564578003046,0.5513740729654582,1,NA,0.6
glm_leaf_m2,glmmTMB,31.170603568213885,45.46276337625717,NA,0.22130487965838602,0.3509238507243219,0.5501636726447148,0.13564221365134435,0.38655735105463407,0.4
