Model,Type,AIC,BIC,R2_Nagelkerke,RMSE,Sigma,BF,Performance_Score
glm_leaf_m1,glm,29.66120744962246,41.57134062299187,0.2417811953663471,0.35035645780030333,0.579728387136826,1,0.8
glm_leaf_m2,glm,31.273742709562207,45.565902517605494,0.24584426264407533,0.3509238512807056,0.5822393492217127,0.1357037677403469,0.2
