contrast,estimate,SE,df,t.ratio,p.value
CON - EXP,0.025205173121370925,0.008989904288573977,71,2.8037198519906705,0.006509725891838705
