Model,Type,AIC,BIC,R2_Nagelkerke,RMSE,Sigma,BF,Performance_Score
glm_leaf_m2,glm,370.27020908785124,391.70844879991614,0.2071124585897101,0.3563057464224791,0.37557923403380833,0.03631956978438115,0.8
glm_leaf_m1,glm,370.7854918509471,385.07765165899036,0.1367090664374683,0.3707891864570923,0.3829494250938974,1,0.5631089476411894
glm_leaf_m4,glm,372.0515848439975,386.34374465204075,0.1222886403848269,0.3736682895105546,0.3859229499413839,0.5309717309576775,0.32593967486914693
glm_leaf_m3,glm,371.6131782121823,378.7592581162039,0.05590327477317882,0.386569924069853,0.391494580236084,23.55167095369749,0.24922112926512963
