contrast,estimate,SE,df,t.ratio,p.value
CON - EXP,0.024839755447708844,0.009216781260050091,77,2.695057498584256,0.008637414305507098
