Treatment,response,SE,df,lower.CL,upper.CL
CON,6.613848584205082,0.30936221403743475,77,6.050317434050851,7.293136879165987
EXP,7.9140131703050995,0.37017380762380253,77,7.239707679949882,8.726828954833554
