Model,Type,AIC,BIC,R2_conditional,R2_marginal,RMSE,Sigma,BF,Statistic,Performance_Score
glm_leaf_m1,glmmTMB,350.0118202957136,357.15790019973525,NA,1.561815404027344e-4,2.2711638548772353,0.2958370162117017,1,NA,1
glm_leaf_m4,glmmTMB,354.0612843350146,368.35344414305786,NA,1.9542569928679583e-4,2.2525346246797553,0.2923518013211055,0.0037061118467578416,NA,0.5022457103465283
glm_leaf_m3,glmmTMB,354.0612843350146,368.35344414305786,NA,NA,NA,NA,1,0.2968586400762092,0.5022457103465283
glm_leaf_m2,glmmTMB,354.3581429750908,368.65030278313407,NA,0.00019064224844743034,2.2539378756347674,0.29287995741751016,0.003194894245503352,1.653677320622819,0.47742636113583253
glm_leaf_m5,glmmTMB,354.3581429750908,368.65030278313407,NA,0.00019064224844743034,2.2539378756347674,0.29287995741751016,0.003194894245503352,NA,0.47742636113583253
glm_leaf_m4,glmmTMB,354.3581429750908,368.65030278313407,NA,NA,NA,NA,1,0,0.47742636113583253
glm_leaf_m3,glmmTMB,358.1644692445782,379.60270895664314,NA,2.3455316753178033e-4,2.233821773532846,0.2890004938876694,1.337124063841844e-5,NA,0
glm_leaf_m5,glmmTMB,358.1644692445782,379.60270895664314,NA,NA,NA,NA,1,2.1936737305126144,0
