contrast,estimate,SE,df,t.ratio,p.value
HAH - LIT,0.03720105230104332,0.01782080078626339,71,2.087507331865726,0.16712238965706805
BER - LIT,0.035746974405812926,0.01799748420571891,71,1.9862206293507352,0.20287412321421405
HAH - SYZ,0.026635293798243132,0.016238973384517363,71,1.6402079840612263,0.3630453725827786
BER - SYZ,0.025181215903012734,0.0164185997887233,71,1.5337005729506734,0.4230885879426727
LIT - SYZ,-0.010565758502800192,0.0160051710705539,71,-0.6601465524001136,0.9116215829960923
BER - HAH,-0.001454077895230397,0.01819337461574388,71,-0.07992348456190701,0.9998151627603353
