contrast,estimate,SE,df,t.ratio,p.value
CON - EXP,0.027108833639634868,0.012026760116761006,71,2.25404293229852,0.027281305779546246
