Treatment,response,SE,df,lower.CL,upper.CL
CON,6.596984705490746,0.3034733148135482,71,6.042716379529734,7.263202119487259
EXP,7.9126925111453374,0.3647788693759671,71,7.246574798286824,8.713667970699413
