contrast,estimate,SE,df,z.ratio,p.value
CON - EXP,0.027104934469389896,0.013758210641385542,Inf,1.9700915457607975,0.04882787966857255
