Hab,response,SE,df,lower.CL,upper.CL
Fragment,7.200160369064123,0.46272752887540136,71,6.382309953071451,8.258422023015237
Primary,7.641805915377628,0.49211181468605736,71,6.772221474998236,8.767607058398559
Primary-High elev.,7.262074856531787,0.4667647537739416,71,6.43710051214006,8.329589246732077
Secondary,6.734883652768807,0.44297478514585575,71,5.954025072118776,7.751474110202746
