Model,Type,AIC,BIC,R2_conditional,R2_marginal,RMSE,Sigma,BF,Statistic,Performance_Score
glm_leaf_m1,glmmTMB,350.0118202957085,357.15790019973014,NA,1.561815404027344e-4,2.2711638548772353,0.29583701621168346,1,NA,1
glm_leaf_m4,glmmTMB,354.061284335017,368.35344414306024,NA,1.9542569970515164e-4,2.2525346246932916,0.29235180140418043,0.0037061118467439373,NA,0.5294008783829225
glm_leaf_m3,glmmTMB,354.061284335017,368.35344414306024,NA,NA,NA,NA,1,1.0026683095771318,0.5294008783829225
glm_leaf_m2,glmmTMB,355.0639526445941,369.3561124526374,NA,1.75935837416779e-4,2.260384513115655,0.2941386533261675,0.0022448734559120964,0.9478676511143931,0.45110395578267604
glm_leaf_m5,glmmTMB,355.0639526445941,369.3561124526374,NA,1.75935837416779e-4,2.260384513115655,0.2941386533261675,0.0022448734559120964,NA,0.45110395578267604
glm_leaf_m4,glmmTMB,355.0639526445941,369.3561124526374,NA,NA,NA,NA,1,0,0.45110395578267604
glm_leaf_m3,glmmTMB,358.863762108436,380.3020018205009,NA,2.1954885507781058e-4,2.2402538457955687,0.29023178367329067,9.425886125911026e-6,NA,0
glm_leaf_m5,glmmTMB,358.863762108436,380.3020018205009,NA,NA,NA,NA,1,2.200190536158118,0
