contrast,estimate,SE,df,t.ratio,p.value
MidFra - MonCon,0.044990157418759114,0.018200712555334713,71,2.47188989343015,0.07318016029844165
LowCon - MidFra,-0.04425328025019106,0.018453126013859452,71,-2.3981454533478,0.0866596672883646
LowSec - MidFra,-0.03694092064580362,0.018544382006061972,71,-1.9920275927085629,0.20068787381462716
LowSec - MonCon,0.008049236772955494,0.01591147543248364,71,0.5058762028141522,0.9574323587358986
LowCon - LowSec,-0.007312359604387442,0.016229378146048325,71,-0.45056314164248623,0.9693100896163968
LowCon - MonCon,7.368771685680521e-4,0.01576875348514771,71,0.04673021042925826,0.9999629939474917
